{
  "Class_0": {
    "precision": 0.4425287356321839,
    "recall": 0.44,
    "f1-score": 0.44126074498567336,
    "support": 175.0
  },
  "Class_1": {
    "precision": 0.17142857142857143,
    "recall": 0.1276595744680851,
    "f1-score": 0.14634146341463414,
    "support": 47.0
  },
  "Class_2": {
    "precision": 0.6114864864864865,
    "recall": 0.5819935691318328,
    "f1-score": 0.5963756177924218,
    "support": 311.0
  },
  "Class_3": {
    "precision": 0.5362903225806451,
    "recall": 0.5588235294117647,
    "f1-score": 0.5473251028806584,
    "support": 238.0
  },
  "Class_4": {
    "precision": 0.3709677419354839,
    "recall": 0.44660194174757284,
    "f1-score": 0.4052863436123348,
    "support": 103.0
  },
  "Class_5": {
    "precision": 0.4878048780487805,
    "recall": 0.47619047619047616,
    "f1-score": 0.4819277108433735,
    "support": 126.0
  },
  "accuracy": 0.503,
  "macro avg": {
    "precision": 0.4367511226853586,
    "recall": 0.43854484849162195,
    "f1-score": 0.43641949725484935,
    "support": 1000.0
  },
  "weighted avg": {
    "precision": 0.502982157717767,
    "recall": 0.503,
    "f1-score": 0.502302255730356,
    "support": 1000.0
  }
}